<?xml version="1.0" encoding="UTF-8"?>
<project-private xmlns="http://www.netbeans.org/ns/project-private/1">
    <editor-bookmarks xmlns="http://www.netbeans.org/ns/editor-bookmarks/2" lastBookmarkId="0"/>
    <open-files xmlns="http://www.netbeans.org/ns/projectui-open-files/2">
        <group>
            <file>file:/C:/Users/DHANANJEYAN/Documents/NetBeansProjects/Dhananweb/web/product1.jsp</file>
            <file>file:/C:/Users/DHANANJEYAN/Documents/NetBeansProjects/Dhananweb/web/product2.jsp</file>
            <file>file:/C:/Users/DHANANJEYAN/Documents/NetBeansProjects/Dhananweb/web/product3.jsp</file>
            <file>file:/C:/Users/DHANANJEYAN/Documents/NetBeansProjects/Dhananweb/src/java/login.java</file>
            <file>file:/C:/Users/DHANANJEYAN/Documents/NetBeansProjects/Dhananweb/src/java/pproduct1.java</file>
            <file>file:/C:/Users/DHANANJEYAN/Documents/NetBeansProjects/Dhananweb/web/index.jsp</file>
        </group>
    </open-files>
</project-private>
